year,total_biomass_g_m2,mean_weighted_biomass_G_m2,eez,model,esm,scenario
1950,2368157663673.303,34825847995.19563,8311,apecosm,ipsl,historical
1951,2173602870369.5342,31964748093.66962,8311,apecosm,ipsl,historical
1952,2214330087015.4634,32563677750.2274,8311,apecosm,ipsl,historical
1953,2441472973175.0117,35904014311.39723,8311,apecosm,ipsl,historical
1954,2519279076165.9854,37048221708.32331,8311,apecosm,ipsl,historical
1955,2547937146690.3545,37469663921.91698,8311,apecosm,ipsl,historical
1956,2465451198165.6533,36256635267.14196,8311,apecosm,ipsl,historical
1957,2446340021877.4336,35975588557.02108,8311,apecosm,ipsl,historical
1958,2392032656296.3545,35176950827.887566,8311,apecosm,ipsl,historical
1959,2137548239040.207,31434532927.061867,8311,apecosm,ipsl,historical
1960,2132772386031.833,31364299794.585777,8311,apecosm,ipsl,historical
1961,2227098916529.251,32751454654.841927,8311,apecosm,ipsl,historical
1962,2374706821535.522,34922159140.228264,8311,apecosm,ipsl,historical
1963,2442919218427.563,35925282623.93475,8311,apecosm,ipsl,historical
1964,2562278361265.6113,37680564136.25899,8311,apecosm,ipsl,historical
1965,2552230672726.3867,37532804010.68216,8311,apecosm,ipsl,historical
1966,2341304792112.6636,34430952825.18623,8311,apecosm,ipsl,historical
1967,2218058126833.1875,32618501865.19393,8311,apecosm,ipsl,historical
1968,2330853643083.928,34277259457.116592,8311,apecosm,ipsl,historical
1969,2446091470380.8735,35971933387.95402,8311,apecosm,ipsl,historical
1970,2303432323902.013,33874004763.2649,8311,apecosm,ipsl,historical
1971,2411976395300.0547,35470241107.353745,8311,apecosm,ipsl,historical
1972,2463368404366.3823,36226005946.564445,8311,apecosm,ipsl,historical
1973,2274180720921.3223,33443834131.195915,8311,apecosm,ipsl,historical
1974,2443456859678.097,35933189112.91319,8311,apecosm,ipsl,historical
1975,2458526821767.32,36154806202.46059,8311,apecosm,ipsl,historical
1976,2320574182677.083,34126090921.72181,8311,apecosm,ipsl,historical
1977,2365562647827.145,34787685997.458015,8311,apecosm,ipsl,historical
1978,2524861702905.057,37130319160.368484,8311,apecosm,ipsl,historical
1979,2460066374600.552,36177446685.30223,8311,apecosm,ipsl,historical
1980,2480831506749.316,36482816275.725235,8311,apecosm,ipsl,historical
1981,2601325987095.2246,38254793927.87095,8311,apecosm,ipsl,historical
1982,2475175956320.751,36399646416.48163,8311,apecosm,ipsl,historical
1983,2455142010306.464,36105029563.33035,8311,apecosm,ipsl,historical
1984,2544740132976.1655,37422649014.35537,8311,apecosm,ipsl,historical
1985,2734619923320.0557,40214998872.35376,8311,apecosm,ipsl,historical
1986,2703553611229.971,39758141341.617226,8311,apecosm,ipsl,historical
1987,2414424227162.3013,35506238634.73973,8311,apecosm,ipsl,historical
1988,2233285562007.3267,32842434735.40186,8311,apecosm,ipsl,historical
1989,2288038178920.323,33647620278.240044,8311,apecosm,ipsl,historical
1990,2230519240802.676,32801753541.21582,8311,apecosm,ipsl,historical
1991,2343590240212.704,34464562356.069176,8311,apecosm,ipsl,historical
1992,2536443155810.006,37300634644.26479,8311,apecosm,ipsl,historical
1993,2535272287835.9443,37283415997.58742,8311,apecosm,ipsl,historical
1994,2545828185226.612,37438649782.74429,8311,apecosm,ipsl,historical
1995,2554632562369.2324,37568125917.194595,8311,apecosm,ipsl,historical
1996,2509624532414.058,36906243123.736145,8311,apecosm,ipsl,historical
1997,2562686021486.2725,37686559139.504005,8311,apecosm,ipsl,historical
1998,2574921482319.975,37866492387.05846,8311,apecosm,ipsl,historical
1999,2782885907985.314,40924792764.489914,8311,apecosm,ipsl,historical
2000,2654001137173.5835,39029428487.84681,8311,apecosm,ipsl,historical
2001,2689416460074.431,39550242059.918106,8311,apecosm,ipsl,historical
2002,2707738098497.4614,39819677919.080315,8311,apecosm,ipsl,historical
2003,2769144022016.3647,40722706206.12302,8311,apecosm,ipsl,historical
2004,2587735730438.606,38054937212.332436,8311,apecosm,ipsl,historical
2005,2556265967210.3486,37592146576.62277,8311,apecosm,ipsl,historical
2006,2555506300843.4985,37580975012.40439,8311,apecosm,ipsl,historical
2007,2776556850049.016,40831718383.07377,8311,apecosm,ipsl,historical
2008,2681356821505.5264,39431717963.31657,8311,apecosm,ipsl,historical
2009,2624929384889.332,38601902718.96076,8311,apecosm,ipsl,historical
2010,2628393309997.1636,38652842794.075935,8311,apecosm,ipsl,historical
2011,2626215117859.7114,38620810556.76047,8311,apecosm,ipsl,historical
2012,2671797611690.2417,39291141348.3859,8311,apecosm,ipsl,historical
2013,2692906602610.455,39601567685.44787,8311,apecosm,ipsl,historical
2014,2643451869109.515,38874292192.78699,8311,apecosm,ipsl,historical
1950,3179184924478.736,46075143833.025154,8323,apecosm,ipsl,historical
1951,3232195690627.0693,46843415806.18941,8323,apecosm,ipsl,historical
1952,3139048701901.1743,45493459447.84311,8323,apecosm,ipsl,historical
1953,3532516075626.8457,51195885154.01226,8323,apecosm,ipsl,historical
1954,3738129565432.9844,54175790803.37659,8323,apecosm,ipsl,historical
1955,3287022707998.9004,47638010260.85363,8323,apecosm,ipsl,historical
1956,3206652149742.33,46473219561.48305,8323,apecosm,ipsl,historical
1957,3230592079983.733,46820175072.22801,8323,apecosm,ipsl,historical
1958,3226492540380.975,46760761454.79674,8323,apecosm,ipsl,historical
1959,3109800652486.9883,45069574673.72447,8323,apecosm,ipsl,historical
1960,2947527461168.5737,42717789292.29817,8323,apecosm,ipsl,historical
1961,3064731213359.422,44416394396.51336,8323,apecosm,ipsl,historical
1962,3348959068322.5693,48535638671.34158,8323,apecosm,ipsl,historical
1963,3399884773619.5845,49273692371.298325,8323,apecosm,ipsl,historical
1964,3276886305374.0195,47491105874.985794,8323,apecosm,ipsl,historical
1965,3412103069468.0347,49450769122.725136,8323,apecosm,ipsl,historical
1966,3327164576877.2593,48219776476.48202,8323,apecosm,ipsl,historical
1967,3074596462747.2427,44559369025.32236,8323,apecosm,ipsl,historical
1968,2996690314604.6313,43430294414.559875,8323,apecosm,ipsl,historical
1969,3085676773687.3687,44719953241.84592,8323,apecosm,ipsl,historical
1970,3196335730311.6313,46323706236.40046,8323,apecosm,ipsl,historical
1971,3206140225305.138,46465800366.741135,8323,apecosm,ipsl,historical
1972,3380252854808.033,48989171808.81207,8323,apecosm,ipsl,historical
1973,3491046476912.685,50594876476.99544,8323,apecosm,ipsl,historical
1974,3238103129008.9956,46929030855.202835,8323,apecosm,ipsl,historical
1975,3227088537695.6963,46769399097.03908,8323,apecosm,ipsl,historical
1976,3212671321548.736,46560453935.48893,8323,apecosm,ipsl,historical
1977,3042991601441.294,44101327557.1202,8323,apecosm,ipsl,historical
1978,3204623458848.5854,46443818244.182396,8323,apecosm,ipsl,historical
1979,3472268163569.7,50322727008.25652,8323,apecosm,ipsl,historical
1980,3224750790100.9,46735518697.11449,8323,apecosm,ipsl,historical
1981,3385117330363.4976,49059671454.54344,8323,apecosm,ipsl,historical
1982,3283191234628.8594,47582481661.28782,8323,apecosm,ipsl,historical
1983,3339524088132.4907,48398899828.00711,8323,apecosm,ipsl,historical
1984,3480987769921.1074,50449098114.79866,8323,apecosm,ipsl,historical
1985,3485427365284.543,50513440076.58758,8323,apecosm,ipsl,historical
1986,3535799022852.3877,51243464099.30997,8323,apecosm,ipsl,historical
1987,3492025989829.902,50609072316.37539,8323,apecosm,ipsl,historical
1988,3259690005710.2124,47241884140.727715,8323,apecosm,ipsl,historical
1989,3462360826056.477,50179142406.61561,8323,apecosm,ipsl,historical
1990,3313074096025.0845,48015566609.0592,8323,apecosm,ipsl,historical
1991,3074044966312.0776,44551376323.36345,8323,apecosm,ipsl,historical
1992,3191188052798.737,46249102214.47445,8323,apecosm,ipsl,historical
1993,3245902462722.246,47042064677.134,8323,apecosm,ipsl,historical
1994,3262068124105.6587,47276349624.71969,8323,apecosm,ipsl,historical
1995,3439587487904.5815,49849094027.60263,8323,apecosm,ipsl,historical
1996,3134461626955.369,45426980100.80245,8323,apecosm,ipsl,historical
1997,3423951347808.071,49622483301.56624,8323,apecosm,ipsl,historical
1998,3402823653178.5024,49316284828.67395,8323,apecosm,ipsl,historical
1999,3516335749328.512,50961387671.42771,8323,apecosm,ipsl,historical
2000,3448088638832.981,49972299113.52146,8323,apecosm,ipsl,historical
2001,3439882231904.655,49853365679.77761,8323,apecosm,ipsl,historical
2002,3627257243533.4316,52568945558.455536,8323,apecosm,ipsl,historical
2003,3568962886517.5405,51724099804.602036,8323,apecosm,ipsl,historical
2004,3507196772394.046,50828938730.34849,8323,apecosm,ipsl,historical
2005,3396959920640.555,49231303197.68921,8323,apecosm,ipsl,historical
2006,3582934355308.044,51926584859.53687,8323,apecosm,ipsl,historical
2007,3786738693149.4023,54880270915.20873,8323,apecosm,ipsl,historical
2008,3860716578426.149,55952414180.08911,8323,apecosm,ipsl,historical
2009,3491113382382.235,50595846121.48166,8323,apecosm,ipsl,historical
2010,3442451173051.1924,49890596710.88685,8323,apecosm,ipsl,historical
2011,3856050275041.908,55884786594.810265,8323,apecosm,ipsl,historical
2012,3985773367714.303,57764831416.14932,8323,apecosm,ipsl,historical
2013,3705407590058.5986,53701559276.21158,8323,apecosm,ipsl,historical
2014,3815540793673.56,55297692661.93565,8323,apecosm,ipsl,historical
1950,1613798549725.4758,62069174989.441376,8382,apecosm,ipsl,historical
1951,1677405910294.9553,64515611934.42136,8382,apecosm,ipsl,historical
1952,1690839708403.2534,65032296477.04821,8382,apecosm,ipsl,historical
1953,1702040614182.9485,65463100545.49802,8382,apecosm,ipsl,historical
1954,1677005285802.7551,64500203300.105965,8382,apecosm,ipsl,historical
1955,1583399720273.0886,60899989241.27264,8382,apecosm,ipsl,historical
1956,1611136860388.4736,61966802322.633606,8382,apecosm,ipsl,historical
1957,1666859500677.4875,64109980795.28798,8382,apecosm,ipsl,historical
1958,1679028751463.8667,64578028902.456406,8382,apecosm,ipsl,historical
1959,1696940298721.5066,65266934566.21179,8382,apecosm,ipsl,historical
1960,1638400982537.1228,63015422405.27396,8382,apecosm,ipsl,historical
1961,1501499400468.568,57749976941.09877,8382,apecosm,ipsl,historical
1962,1580876498703.963,60802942257.84473,8382,apecosm,ipsl,historical
1963,1728392662075.7983,66476640849.06917,8382,apecosm,ipsl,historical
1964,1663117426877.1807,63966054879.89156,8382,apecosm,ipsl,historical
1965,1625000833694.019,62500032065.15459,8382,apecosm,ipsl,historical
1966,1544058786529.0955,59386876404.96521,8382,apecosm,ipsl,historical
1967,1589615174768.4343,61139045183.40132,8382,apecosm,ipsl,historical
1968,1676832871738.0874,64493571989.92644,8382,apecosm,ipsl,historical
1969,1632147771844.2725,62774914301.70278,8382,apecosm,ipsl,historical
1970,1611395245117.3674,61976740196.82182,8382,apecosm,ipsl,historical
1971,1497259326330.6726,57586897166.56433,8382,apecosm,ipsl,historical
1972,1495838878464.6091,57532264556.33112,8382,apecosm,ipsl,historical
1973,1571050161990.9077,60425006230.419525,8382,apecosm,ipsl,historical
1974,1574009639178.2332,60538832276.08589,8382,apecosm,ipsl,historical
1975,1577198366453.4297,60661475632.82422,8382,apecosm,ipsl,historical
1976,1640629907189.1917,63101150276.50737,8382,apecosm,ipsl,historical
1977,1602767554029.8242,61644905924.224014,8382,apecosm,ipsl,historical
1978,1573611120412.7322,60523504631.258934,8382,apecosm,ipsl,historical
1979,1492570514541.978,57406558251.61454,8382,apecosm,ipsl,historical
1980,1603234691119.5645,61662872735.36786,8382,apecosm,ipsl,historical
1981,1688721491399.055,64950826592.27134,8382,apecosm,ipsl,historical
1982,1545850423328.4766,59455785512.63371,8382,apecosm,ipsl,historical
1983,1565410523685.8384,60208097064.839935,8382,apecosm,ipsl,historical
1984,1581190273806.213,60815010531.008194,8382,apecosm,ipsl,historical
1985,1595240856732.1868,61355417566.62257,8382,apecosm,ipsl,historical
1986,1540586639549.9087,59253332290.3811,8382,apecosm,ipsl,historical
1987,1565293295813.5723,60203588300.52201,8382,apecosm,ipsl,historical
1988,1674164720471.5452,64390950787.36713,8382,apecosm,ipsl,historical
1989,1644359536884.0544,63244597572.46363,8382,apecosm,ipsl,historical
1990,1662997588376.2837,63961445706.78014,8382,apecosm,ipsl,historical
1991,1515619086567.1418,58293041791.043915,8382,apecosm,ipsl,historical
1992,1507673871092.6072,57987456580.484894,8382,apecosm,ipsl,historical
1993,1449457582228.3064,55748368547.24255,8382,apecosm,ipsl,historical
1994,1522674958186.8708,58564421468.7258,8382,apecosm,ipsl,historical
1995,1674042268757.3232,64386241106.05089,8382,apecosm,ipsl,historical
1996,1620039809057.4688,62309223425.28726,8382,apecosm,ipsl,historical
1997,1591399697711.7727,61207680681.22203,8382,apecosm,ipsl,historical
1998,1621473476822.226,62364364493.162544,8382,apecosm,ipsl,historical
1999,1592285855084.9956,61241763657.11522,8382,apecosm,ipsl,historical
2000,1601912005013.2522,61612000192.81739,8382,apecosm,ipsl,historical
2001,1597323268557.9053,61435510329.1502,8382,apecosm,ipsl,historical
2002,1527601942364.941,58753920860.19003,8382,apecosm,ipsl,historical
2003,1470433404553.2185,56555130944.35456,8382,apecosm,ipsl,historical
2004,1585536523521.5354,60982173981.59752,8382,apecosm,ipsl,historical
2005,1575505306850.1826,60596357955.77625,8382,apecosm,ipsl,historical
2006,1534608290347.7368,59023395782.60526,8382,apecosm,ipsl,historical
2007,1468458264980.7131,56479164037.719734,8382,apecosm,ipsl,historical
2008,1464497538501.8235,56326828403.91628,8382,apecosm,ipsl,historical
2009,1487893742875.9524,57226682418.30586,8382,apecosm,ipsl,historical
2010,1584981964855.6455,60960844802.140205,8382,apecosm,ipsl,historical
2011,1600162609734.6375,61544715759.02451,8382,apecosm,ipsl,historical
2012,1598225805560.4556,61470223290.78675,8382,apecosm,ipsl,historical
2013,1576357215713.5652,60629123681.29097,8382,apecosm,ipsl,historical
2014,1418036111446.3577,54539850440.24453,8382,apecosm,ipsl,historical
1950,2904832414669.3115,16137957859.273952,8383,apecosm,ipsl,historical
1951,2695717283964.8716,14976207133.138176,8383,apecosm,ipsl,historical
1952,2556629761541.4927,14203498675.230515,8383,apecosm,ipsl,historical
1953,2553028208708.5386,14183490048.380772,8383,apecosm,ipsl,historical
1954,2600288929818.568,14446049610.103155,8383,apecosm,ipsl,historical
1955,2538687021332.549,14103816785.180828,8383,apecosm,ipsl,historical
1956,2567412986826.841,14263405482.371338,8383,apecosm,ipsl,historical
1957,2661278286242.2505,14784879368.012503,8383,apecosm,ipsl,historical
1958,2724965723475.4434,15138698463.752464,8383,apecosm,ipsl,historical
1959,2731534905793.739,15175193921.076326,8383,apecosm,ipsl,historical
1960,2789514150034.9287,15497300833.52738,8383,apecosm,ipsl,historical
1961,2839971829752.0034,15777621276.40002,8383,apecosm,ipsl,historical
1962,2816431599751.161,15646842220.839783,8383,apecosm,ipsl,historical
1963,2712686812198.5034,15070482289.991686,8383,apecosm,ipsl,historical
1964,2665948305422.2627,14810823919.012571,8383,apecosm,ipsl,historical
1965,2727733428898.5376,15154074604.991877,8383,apecosm,ipsl,historical
1966,2795335461759.9263,15529641454.221813,8383,apecosm,ipsl,historical
1967,2885187348258.577,16028818601.436539,8383,apecosm,ipsl,historical
1968,2741409837092.793,15230054650.515516,8383,apecosm,ipsl,historical
1969,2806042468746.54,15589124826.369667,8383,apecosm,ipsl,historical
1970,2816546530279.688,15647480723.776045,8383,apecosm,ipsl,historical
1971,2690386577280.773,14946592096.004293,8383,apecosm,ipsl,historical
1972,2672300142149.817,14846111900.832315,8383,apecosm,ipsl,historical
1973,2575484806317.386,14308248923.98548,8383,apecosm,ipsl,historical
1974,2518515600687.7266,13991753337.154036,8383,apecosm,ipsl,historical
1975,2426278676479.6777,13479325980.442654,8383,apecosm,ipsl,historical
1976,2349826711453.4053,13054592841.407806,8383,apecosm,ipsl,historical
1977,2345599631607.259,13031109064.484772,8383,apecosm,ipsl,historical
1978,2462494500861.668,13680525004.787045,8383,apecosm,ipsl,historical
1979,2496192408172.4995,13867735600.95833,8383,apecosm,ipsl,historical
1980,2627688658449.798,14598270324.7211,8383,apecosm,ipsl,historical
1981,2702977186952.8135,15016539927.515629,8383,apecosm,ipsl,historical
1982,2702025563283.582,15011253129.353235,8383,apecosm,ipsl,historical
1983,2801175587179.742,15562086595.443012,8383,apecosm,ipsl,historical
1984,2744419950103.723,15246777500.576239,8383,apecosm,ipsl,historical
1985,2533173648644.279,14073186936.912659,8383,apecosm,ipsl,historical
1986,2447331542396.8315,13596286346.649065,8383,apecosm,ipsl,historical
1987,2555266213993.3535,14195923411.074186,8383,apecosm,ipsl,historical
1988,2499968663005.5557,13888714794.47531,8383,apecosm,ipsl,historical
1989,2374763349692.7305,13193129720.515167,8383,apecosm,ipsl,historical
1990,2325075694151.922,12917087189.732899,8383,apecosm,ipsl,historical
1991,2396573672884.2163,13314298182.69009,8383,apecosm,ipsl,historical
1992,2666603346839.2593,14814463037.995884,8383,apecosm,ipsl,historical
1993,2746345472079.885,15257474844.88825,8383,apecosm,ipsl,historical
1994,2695893593184.148,14977186628.800821,8383,apecosm,ipsl,historical
1995,2605573200782.358,14475406671.013098,8383,apecosm,ipsl,historical
1996,2622072451766.1084,14567069176.478378,8383,apecosm,ipsl,historical
1997,2645886728613.0757,14699370714.517086,8383,apecosm,ipsl,historical
1998,2566607546174.0293,14258930812.077942,8383,apecosm,ipsl,historical
1999,2479339779294.2173,13774109884.967875,8383,apecosm,ipsl,historical
2000,2490019441070.94,13833441339.282999,8383,apecosm,ipsl,historical
2001,2648204107700.884,14712245042.782686,8383,apecosm,ipsl,historical
2002,2734303333144.319,15190574073.023994,8383,apecosm,ipsl,historical
2003,2763876530015.953,15354869611.199741,8383,apecosm,ipsl,historical
2004,2839955873030.293,15777532627.946072,8383,apecosm,ipsl,historical
2005,2711922767667.553,15066237598.153072,8383,apecosm,ipsl,historical
2006,2616238387713.342,14534657709.518566,8383,apecosm,ipsl,historical
2007,2716219985061.861,15090111028.12145,8383,apecosm,ipsl,historical
2008,2696819339030.5137,14982329661.28063,8383,apecosm,ipsl,historical
2009,2731451676548.6343,15174731536.381302,8383,apecosm,ipsl,historical
2010,2749120305658.137,15272890586.98965,8383,apecosm,ipsl,historical
2011,2766934445721.9937,15371858031.788853,8383,apecosm,ipsl,historical
2012,2783777638405.9785,15465431324.47766,8383,apecosm,ipsl,historical
2013,2810885340749.252,15616029670.829178,8383,apecosm,ipsl,historical
2014,2928244094546.989,16268022747.48327,8383,apecosm,ipsl,historical
1950,2467248964372.734,42538775247.805756,8384,apecosm,ipsl,historical
1951,2280894993554.4097,39325775750.9381,8384,apecosm,ipsl,historical
1952,2214525468038.4946,38181473586.8706,8384,apecosm,ipsl,historical
1953,2247733910664.0703,38754032942.48397,8384,apecosm,ipsl,historical
1954,2355748502840.721,40616353497.253815,8384,apecosm,ipsl,historical
1955,2359324493126.2363,40678008502.17648,8384,apecosm,ipsl,historical
1956,2375618214500.3486,40958934732.76463,8384,apecosm,ipsl,historical
1957,2462801285888.8877,42462091136.01531,8384,apecosm,ipsl,historical
1958,2325873229662.5615,40101262580.38899,8384,apecosm,ipsl,historical
1959,2393913110411.0537,41274363972.60437,8384,apecosm,ipsl,historical
1960,2332214094494.7437,40210587836.116264,8384,apecosm,ipsl,historical
1961,2330478984855.528,40180672152.68152,8384,apecosm,ipsl,historical
1962,2238418364081.9453,38593420070.378365,8384,apecosm,ipsl,historical
1963,2223941602969.7905,38343820740.85845,8384,apecosm,ipsl,historical
1964,2065097471511.8513,35605128819.16985,8384,apecosm,ipsl,historical
1965,2151451918799.5227,37093998599.99177,8384,apecosm,ipsl,historical
1966,2207467527204.9673,38059784951.809784,8384,apecosm,ipsl,historical
1967,2291256981261.528,39504430711.405655,8384,apecosm,ipsl,historical
1968,2400208713342.4526,41382908850.73194,8384,apecosm,ipsl,historical
1969,2206497129182.041,38043053951.4145,8384,apecosm,ipsl,historical
1970,2186957341640.4424,37706161062.76625,8384,apecosm,ipsl,historical
1971,2501482782580.7393,43129013492.77136,8384,apecosm,ipsl,historical
1972,2252942308104.803,38843832898.35867,8384,apecosm,ipsl,historical
1973,2148719638531.9487,37046890319.51636,8384,apecosm,ipsl,historical
1974,2195873829131.7727,37859893605.720215,8384,apecosm,ipsl,historical
1975,2231890814163.4404,38480876106.26621,8384,apecosm,ipsl,historical
1976,2176229644995.1238,37521200775.77799,8384,apecosm,ipsl,historical
1977,2056335666719.636,35454063219.30407,8384,apecosm,ipsl,historical
1978,2103797474556.3323,36272370250.971245,8384,apecosm,ipsl,historical
1979,2182363207132.4573,37626951847.11133,8384,apecosm,ipsl,historical
1980,2245748996723.6226,38719810288.33832,8384,apecosm,ipsl,historical
1981,2221037872383.0894,38293756420.398094,8384,apecosm,ipsl,historical
1982,2233601223371.3823,38510365920.19624,8384,apecosm,ipsl,historical
1983,2217730039016.3496,38236724810.62672,8384,apecosm,ipsl,historical
1984,2315067104890.2407,39914950084.3145,8384,apecosm,ipsl,historical
1985,2268890037198.6885,39118793744.80498,8384,apecosm,ipsl,historical
1986,2329313868378.3945,40160583937.55853,8384,apecosm,ipsl,historical
1987,2233136808333.884,38502358764.37731,8384,apecosm,ipsl,historical
1988,2272994753082.0596,39189564708.31137,8384,apecosm,ipsl,historical
1989,2349071225993.373,40501228034.3685,8384,apecosm,ipsl,historical
1990,2344713865065.6177,40426101121.82099,8384,apecosm,ipsl,historical
1991,2325495092356.0483,40094742971.656006,8384,apecosm,ipsl,historical
1992,2213831403372.8267,38169506954.7039,8384,apecosm,ipsl,historical
1993,2314315085984.056,39901984241.104416,8384,apecosm,ipsl,historical
1994,2377672184532.148,40994348009.17496,8384,apecosm,ipsl,historical
1995,2380493125750.0405,41042984926.72483,8384,apecosm,ipsl,historical
1996,2346207181952.2373,40451847964.69375,8384,apecosm,ipsl,historical
1997,2325675412461.6294,40097851938.993614,8384,apecosm,ipsl,historical
1998,2369354660725.4033,40850942426.30006,8384,apecosm,ipsl,historical
1999,2228084530509.903,38415250526.032814,8384,apecosm,ipsl,historical
2000,2096284190304.2568,36142830867.31477,8384,apecosm,ipsl,historical
2001,2282285480086.6724,39349749656.66676,8384,apecosm,ipsl,historical
2002,2523756341077.171,43513040363.3995,8384,apecosm,ipsl,historical
2003,2423570065258.784,41785690780.32387,8384,apecosm,ipsl,historical
2004,2260091692696.095,38967098149.93268,8384,apecosm,ipsl,historical
2005,2437336242784.7773,42023038668.70306,8384,apecosm,ipsl,historical
2006,2343982171418.492,40413485714.11193,8384,apecosm,ipsl,historical
2007,2269129843668.6377,39122928339.11444,8384,apecosm,ipsl,historical
2008,2321629293647.928,40028091269.79187,8384,apecosm,ipsl,historical
2009,2314943018552.3374,39912810664.69547,8384,apecosm,ipsl,historical
2010,2359281463309.9004,40677266608.79138,8384,apecosm,ipsl,historical
2011,2419097057343.9854,41708569954.20664,8384,apecosm,ipsl,historical
2012,2273362330190.2656,39195902244.65976,8384,apecosm,ipsl,historical
2013,2253110533237.377,38846733331.67892,8384,apecosm,ipsl,historical
2014,2364739405872.59,40771369066.76879,8384,apecosm,ipsl,historical
1950,2827598177587.0737,41582326140.986374,8385,apecosm,ipsl,historical
1951,2662083499185.933,39148286752.734314,8385,apecosm,ipsl,historical
1952,2535497465206.708,37286727429.510414,8385,apecosm,ipsl,historical
1953,2536670486669.272,37303977745.13635,8385,apecosm,ipsl,historical
1954,2567976167304.665,37764355401.53919,8385,apecosm,ipsl,historical
1955,2627401038642.9717,38638250568.27899,8385,apecosm,ipsl,historical
1956,2592156927753.6304,38119954819.906334,8385,apecosm,ipsl,historical
1957,2763133574957.5586,40634317278.78763,8385,apecosm,ipsl,historical
1958,2629752689073.703,38672833662.84858,8385,apecosm,ipsl,historical
1959,2686053005502.054,39500779492.67727,8385,apecosm,ipsl,historical
1960,2718347119593.604,39975692935.20006,8385,apecosm,ipsl,historical
1961,2713796970961.762,39908778984.7318,8385,apecosm,ipsl,historical
1962,2577711357731.5596,37907519966.64058,8385,apecosm,ipsl,historical
1963,2580152653343.8545,37943421372.70374,8385,apecosm,ipsl,historical
1964,2407367456660.613,35402462597.95019,8385,apecosm,ipsl,historical
1965,2441109433300.964,35898668136.77888,8385,apecosm,ipsl,historical
1966,2510022398872.7334,36912094101.06961,8385,apecosm,ipsl,historical
1967,2616488530904.697,38477772513.30437,8385,apecosm,ipsl,historical
1968,2686996187211.645,39514649811.93595,8385,apecosm,ipsl,historical
1969,2658315973638.9478,39092881965.27864,8385,apecosm,ipsl,historical
1970,2509861015097.744,36909720810.26094,8385,apecosm,ipsl,historical
1971,2709458787216.903,39844982164.95445,8385,apecosm,ipsl,historical
1972,2779506807761.335,40875100114.137276,8385,apecosm,ipsl,historical
1973,2475772249944.5664,36408415440.361275,8385,apecosm,ipsl,historical
1974,2547990080525.1543,37470442360.66403,8385,apecosm,ipsl,historical
1975,2592243045862.6177,38121221262.685555,8385,apecosm,ipsl,historical
1976,2566928956501.7344,37748955242.67257,8385,apecosm,ipsl,historical
1977,2403448382772.02,35344829158.412056,8385,apecosm,ipsl,historical
1978,2413299635314.716,35489700519.33405,8385,apecosm,ipsl,historical
1979,2533869646453.4517,37262788918.43311,8385,apecosm,ipsl,historical
1980,2519345365387.6577,37049196549.8185,8385,apecosm,ipsl,historical
1981,2515843971637.164,36997705465.25241,8385,apecosm,ipsl,historical
1982,2625571720734.699,38611348834.33381,8385,apecosm,ipsl,historical
1983,2571321242441.036,37813547682.95641,8385,apecosm,ipsl,historical
1984,2678068068592.1245,39383353949.884186,8385,apecosm,ipsl,historical
1985,2664957668080.9717,39190553942.36723,8385,apecosm,ipsl,historical
1986,2730407383084.971,40153049751.24957,8385,apecosm,ipsl,historical
1987,2585372469589.4956,38020183376.31612,8385,apecosm,ipsl,historical
1988,2530317148786.672,37210546305.68635,8385,apecosm,ipsl,historical
1989,2648453203168.6685,38947841223.06866,8385,apecosm,ipsl,historical
1990,2668709583446.506,39245729168.33096,8385,apecosm,ipsl,historical
1991,2805988570716.147,41264537804.649216,8385,apecosm,ipsl,historical
1992,2647093844441.2134,38927850653.54726,8385,apecosm,ipsl,historical
1993,2622415682810.159,38564936511.91411,8385,apecosm,ipsl,historical
1994,2743847366827.9556,40350696570.99935,8385,apecosm,ipsl,historical
1995,2751267353321.6953,40459814019.43669,8385,apecosm,ipsl,historical
1996,2664790240483.1577,39188091771.81114,8385,apecosm,ipsl,historical
1997,2675016809662.7593,39338482495.04058,8385,apecosm,ipsl,historical
1998,2717243692071.782,39959466059.87915,8385,apecosm,ipsl,historical
1999,2634460932414.34,38742072535.505,8385,apecosm,ipsl,historical
2000,2433877441793.5117,35792315320.49281,8385,apecosm,ipsl,historical
2001,2608802465431.847,38364742138.703636,8385,apecosm,ipsl,historical
2002,2808514402512.932,41301682389.89606,8385,apecosm,ipsl,historical
2003,2905892501849.856,42733713262.49788,8385,apecosm,ipsl,historical
2004,2768955774048.241,40719937853.650604,8385,apecosm,ipsl,historical
2005,2789956917657.5913,41028778200.84693,8385,apecosm,ipsl,historical
2006,2812855968089.3955,41365528942.49111,8385,apecosm,ipsl,historical
2007,2651227612951.9253,38988641366.94008,8385,apecosm,ipsl,historical
2008,2698314744630.1904,39681099185.7381,8385,apecosm,ipsl,historical
2009,2739387065914.86,40285103910.51265,8385,apecosm,ipsl,historical
2010,2710864450155.584,39865653678.75859,8385,apecosm,ipsl,historical
2011,2867786091950.7725,42173324881.629005,8385,apecosm,ipsl,historical
2012,2716482244118.1465,39948268295.855095,8385,apecosm,ipsl,historical
2013,2609245350337.041,38371255152.01531,8385,apecosm,ipsl,historical
2014,2710589334019.582,39861607853.22915,8385,apecosm,ipsl,historical
1950,762825404370.9133,63568783697.57612,8386,apecosm,ipsl,historical
1951,799719014186.6461,66643251182.22051,8386,apecosm,ipsl,historical
1952,766634218894.5369,63886184907.878075,8386,apecosm,ipsl,historical
1953,750788162265.5571,62565680188.796425,8386,apecosm,ipsl,historical
1954,737916822754.4857,61493068562.87381,8386,apecosm,ipsl,historical
1955,683881789226.002,56990149102.16683,8386,apecosm,ipsl,historical
1956,699248301684.5186,58270691807.04321,8386,apecosm,ipsl,historical
1957,684529767273.822,57044147272.818504,8386,apecosm,ipsl,historical
1958,754177292521.9009,62848107710.15841,8386,apecosm,ipsl,historical
1959,783512916021.8558,65292743001.82132,8386,apecosm,ipsl,historical
1960,750589737587.834,62549144798.98616,8386,apecosm,ipsl,historical
1961,738265926371.7107,61522160530.9759,8386,apecosm,ipsl,historical
1962,758126391729.1292,63177199310.760765,8386,apecosm,ipsl,historical
1963,744976362802.2168,62081363566.851395,8386,apecosm,ipsl,historical
1964,703195967503.123,58599663958.59358,8386,apecosm,ipsl,historical
1965,660817340516.226,55068111709.68549,8386,apecosm,ipsl,historical
1966,682851052386.397,56904254365.53307,8386,apecosm,ipsl,historical
1967,748394825190.2966,62366235432.52471,8386,apecosm,ipsl,historical
1968,648620210177.6687,54051684181.47239,8386,apecosm,ipsl,historical
1969,688875982223.436,57406331851.952995,8386,apecosm,ipsl,historical
1970,666464289956.4258,55538690829.702156,8386,apecosm,ipsl,historical
1971,615458223436.7454,51288185286.39545,8386,apecosm,ipsl,historical
1972,736991219164.8591,61415934930.40493,8386,apecosm,ipsl,historical
1973,768714085825.175,64059507152.097916,8386,apecosm,ipsl,historical
1974,725603954147.6663,60466996178.97218,8386,apecosm,ipsl,historical
1975,702252328013.3168,58521027334.44306,8386,apecosm,ipsl,historical
1976,731289587611.5815,60940798967.6318,8386,apecosm,ipsl,historical
1977,741624467302.9471,61802038941.91226,8386,apecosm,ipsl,historical
1978,679412464626.3882,56617705385.53236,8386,apecosm,ipsl,historical
1979,702098587113.6282,58508215592.802345,8386,apecosm,ipsl,historical
1980,699518139490.9773,58293178290.91478,8386,apecosm,ipsl,historical
1981,701675503978.5172,58472958664.876434,8386,apecosm,ipsl,historical
1982,689860978769.1841,57488414897.432,8386,apecosm,ipsl,historical
1983,730061704920.0061,60838475410.0005,8386,apecosm,ipsl,historical
1984,639916917749.1438,53326409812.42864,8386,apecosm,ipsl,historical
1985,672143782603.7477,56011981883.64564,8386,apecosm,ipsl,historical
1986,687622547802.645,57301878983.55376,8386,apecosm,ipsl,historical
1987,709194535101.3794,59099544591.781624,8386,apecosm,ipsl,historical
1988,726853821398.4429,60571151783.203575,8386,apecosm,ipsl,historical
1989,757970520305.2417,63164210025.436806,8386,apecosm,ipsl,historical
1990,731628182114.8668,60969015176.2389,8386,apecosm,ipsl,historical
1991,714808415604.6415,59567367967.05346,8386,apecosm,ipsl,historical
1992,689660605931.8782,57471717160.989845,8386,apecosm,ipsl,historical
1993,614905620620.571,51242135051.71425,8386,apecosm,ipsl,historical
1994,645564588382.3822,53797049031.86518,8386,apecosm,ipsl,historical
1995,716800887547.1274,59733407295.59395,8386,apecosm,ipsl,historical
1996,676854428484.9878,56404535707.08231,8386,apecosm,ipsl,historical
1997,703412379270.8363,58617698272.569695,8386,apecosm,ipsl,historical
1998,679255003580.3394,56604583631.694954,8386,apecosm,ipsl,historical
1999,693900579504.4742,57825048292.03952,8386,apecosm,ipsl,historical
2000,676157826646.2502,56346485553.85418,8386,apecosm,ipsl,historical
2001,665559900603.929,55463325050.32741,8386,apecosm,ipsl,historical
2002,656311350044.0762,54692612503.67302,8386,apecosm,ipsl,historical
2003,684303145844.9264,57025262153.743866,8386,apecosm,ipsl,historical
2004,696279057317.189,58023254776.43241,8386,apecosm,ipsl,historical
2005,667962341552.1511,55663528462.67927,8386,apecosm,ipsl,historical
2006,690597154389.2429,57549762865.77025,8386,apecosm,ipsl,historical
2007,682130400996.221,56844200083.01842,8386,apecosm,ipsl,historical
2008,702301634422.0425,58525136201.836876,8386,apecosm,ipsl,historical
2009,636785245729.2463,53065437144.10387,8386,apecosm,ipsl,historical
2010,679620791746.5151,56635065978.87626,8386,apecosm,ipsl,historical
2011,712466375447.5327,59372197953.96107,8386,apecosm,ipsl,historical
2012,746216012572.4847,62184667714.373726,8386,apecosm,ipsl,historical
2013,687156459613.0298,57263038301.085815,8386,apecosm,ipsl,historical
2014,649546756852.8254,54128896404.40212,8386,apecosm,ipsl,historical
1950,2496093854098.2715,36707262560.2687,8387,apecosm,ipsl,historical
1951,2406647845783.6157,35391880085.05317,8387,apecosm,ipsl,historical
1952,2335355576472.1406,34343464359.88442,8387,apecosm,ipsl,historical
1953,2407127398894.1196,35398932336.67823,8387,apecosm,ipsl,historical
1954,2330074254363.607,34265797858.288334,8387,apecosm,ipsl,historical
1955,2457832350023.3545,36144593382.69639,8387,apecosm,ipsl,historical
1956,2358927621668.1636,34690112083.35535,8387,apecosm,ipsl,historical
1957,2391804207092.3257,35173591280.7695,8387,apecosm,ipsl,historical
1958,2515555667581.734,36993465699.73138,8387,apecosm,ipsl,historical
1959,2490211797566.4204,36620761728.917946,8387,apecosm,ipsl,historical
1960,2519967601772.137,37058347084.88437,8387,apecosm,ipsl,historical
1961,2530676019952.0293,37215823822.82396,8387,apecosm,ipsl,historical
1962,2538002475698.5776,37323565819.09673,8387,apecosm,ipsl,historical
1963,2387569095818.911,35111310232.63105,8387,apecosm,ipsl,historical
1964,2399999437710.1006,35294109378.089714,8387,apecosm,ipsl,historical
1965,2376492558936.951,34948419984.36693,8387,apecosm,ipsl,historical
1966,2418263867033.4077,35562703926.961876,8387,apecosm,ipsl,historical
1967,2444514384656.55,35948740950.83162,8387,apecosm,ipsl,historical
1968,2517041918110.4204,37015322325.15324,8387,apecosm,ipsl,historical
1969,2655184005577.468,39046823611.43335,8387,apecosm,ipsl,historical
1970,2521679415671.8784,37083520818.704094,8387,apecosm,ipsl,historical
1971,2465081593921.398,36251199910.608795,8387,apecosm,ipsl,historical
1972,2649137019788.112,38957897349.82517,8387,apecosm,ipsl,historical
1973,2421744583827.8823,35613890938.64533,8387,apecosm,ipsl,historical
1974,2393643752925.272,35200643425.37165,8387,apecosm,ipsl,historical
1975,2500754907355.8154,36775807461.11493,8387,apecosm,ipsl,historical
1976,2477816511868.307,36438478115.7104,8387,apecosm,ipsl,historical
1977,2351554559773.794,34581684702.55579,8387,apecosm,ipsl,historical
1978,2352050136068.5996,34588972589.24411,8387,apecosm,ipsl,historical
1979,2518149309964.2397,37031607499.47411,8387,apecosm,ipsl,historical
1980,2512136552212.3286,36943184591.35777,8387,apecosm,ipsl,historical
1981,2342229108911.957,34444545719.29348,8387,apecosm,ipsl,historical
1982,2561796941027.3716,37673484426.873116,8387,apecosm,ipsl,historical
1983,2560760189121.8066,37658238075.32069,8387,apecosm,ipsl,historical
1984,2576677000143.2593,37892308825.63617,8387,apecosm,ipsl,historical
1985,2656082346643.0566,39060034509.45671,8387,apecosm,ipsl,historical
1986,2593060757988.297,38133246441.004364,8387,apecosm,ipsl,historical
1987,2484854465595.3037,36541977435.22505,8387,apecosm,ipsl,historical
1988,2375781070273.6455,34937956915.78891,8387,apecosm,ipsl,historical
1989,2469863744557.1777,36321525655.25262,8387,apecosm,ipsl,historical
1990,2499692171025.852,36760178985.6743,8387,apecosm,ipsl,historical
1991,2668357802156.4707,39240555914.06575,8387,apecosm,ipsl,historical
1992,2751381023818.358,40461485644.38761,8387,apecosm,ipsl,historical
1993,2622080872664.036,38560012833.29465,8387,apecosm,ipsl,historical
1994,2560235668507.615,37650524536.87669,8387,apecosm,ipsl,historical
1995,2684928912418.8447,39484248712.04184,8387,apecosm,ipsl,historical
1996,2611033279106.0107,38397548222.14722,8387,apecosm,ipsl,historical
1997,2435738428617.6025,35819682773.78828,8387,apecosm,ipsl,historical
1998,2530285530231.7812,37210081326.937965,8387,apecosm,ipsl,historical
1999,2538912511217.433,37336948694.374016,8387,apecosm,ipsl,historical
2000,2432483200294.7593,35771811769.04058,8387,apecosm,ipsl,historical
2001,2484864807883.627,36542129527.70039,8387,apecosm,ipsl,historical
2002,2672223939059.698,39297410868.52498,8387,apecosm,ipsl,historical
2003,2705412355400.867,39785475814.718636,8387,apecosm,ipsl,historical
2004,2768202403045.303,40708858868.31328,8387,apecosm,ipsl,historical
2005,2659485432574.436,39110079890.80053,8387,apecosm,ipsl,historical
2006,2612192291018.2617,38414592514.97444,8387,apecosm,ipsl,historical
2007,2645739554530.195,38907934625.444046,8387,apecosm,ipsl,historical
2008,2670073216002.9116,39265782588.278114,8387,apecosm,ipsl,historical
2009,2754496569352.3955,40507302490.47641,8387,apecosm,ipsl,historical
2010,2658004764695.7383,39088305363.17262,8387,apecosm,ipsl,historical
2011,2606129894648.555,38325439627.18463,8387,apecosm,ipsl,historical
2012,2630647429945.3364,38685991616.84318,8387,apecosm,ipsl,historical
2013,2406952831250.288,35396365165.44541,8387,apecosm,ipsl,historical
2014,2498635920613.6816,36744645891.37767,8387,apecosm,ipsl,historical
1950,1293409382344.638,23952025598.974777,8388,apecosm,ipsl,historical
1951,1271248145205.7136,23541632318.624325,8388,apecosm,ipsl,historical
1952,1227134505285.172,22724713060.83652,8388,apecosm,ipsl,historical
1953,1252076532616.8137,23186602455.86692,8388,apecosm,ipsl,historical
1954,1306711086741.1538,24198353458.169514,8388,apecosm,ipsl,historical
1955,1338205226044.5571,24781578260.084393,8388,apecosm,ipsl,historical
1956,1313030851662.4666,24315386141.89753,8388,apecosm,ipsl,historical
1957,1313836707608.3801,24330309400.155186,8388,apecosm,ipsl,historical
1958,1377753482559.4143,25513953380.729893,8388,apecosm,ipsl,historical
1959,1354401850138.8037,25081515743.311176,8388,apecosm,ipsl,historical
1960,1344826131865.9856,24904187627.147884,8388,apecosm,ipsl,historical
1961,1400346143532.295,25932335991.338795,8388,apecosm,ipsl,historical
1962,1459894557810.736,27035084403.90252,8388,apecosm,ipsl,historical
1963,1430324340256.0557,26487487782.51955,8388,apecosm,ipsl,historical
1964,1457241816290.0134,26985959560.926174,8388,apecosm,ipsl,historical
1965,1405575690230.7832,26029179448.71821,8388,apecosm,ipsl,historical
1966,1423854051388.0159,26367667618.296593,8388,apecosm,ipsl,historical
1967,1411862284173.5112,26145597855.065025,8388,apecosm,ipsl,historical
1968,1449533366584.7815,26843210492.31077,8388,apecosm,ipsl,historical
1969,1545995370588.07,28629543899.779076,8388,apecosm,ipsl,historical
1970,1511701150393.0732,27994465748.019875,8388,apecosm,ipsl,historical
1971,1469474355434.7036,27212488063.60562,8388,apecosm,ipsl,historical
1972,1560426632592.3228,28896789492.45042,8388,apecosm,ipsl,historical
1973,1484775705641.2175,27495846400.763287,8388,apecosm,ipsl,historical
1974,1434979714832.993,26573698422.833202,8388,apecosm,ipsl,historical
1975,1493666249906.4475,27660486109.37866,8388,apecosm,ipsl,historical
1976,1501975109166.2207,27814353873.44853,8388,apecosm,ipsl,historical
1977,1458214140539.9836,27003965565.555252,8388,apecosm,ipsl,historical
1978,1442667473695.2727,26716064327.690235,8388,apecosm,ipsl,historical
1979,1552709376489.622,28753877342.40041,8388,apecosm,ipsl,historical
1980,1634436287160.9229,30267338651.1282,8388,apecosm,ipsl,historical
1981,1494817369038.7864,27681803130.347893,8388,apecosm,ipsl,historical
1982,1513711172142.642,28031688373.01189,8388,apecosm,ipsl,historical
1983,1560414959201.2856,28896573318.542328,8388,apecosm,ipsl,historical
1984,1671445826973.7505,30952700499.513897,8388,apecosm,ipsl,historical
1985,1603977777152.1099,29703292169.483517,8388,apecosm,ipsl,historical
1986,1501858216544.3142,27812189195.26508,8388,apecosm,ipsl,historical
1987,1502453087428.2935,27823205322.746174,8388,apecosm,ipsl,historical
1988,1486161259410.835,27521504803.90435,8388,apecosm,ipsl,historical
1989,1475413768373.5825,27322477192.10338,8388,apecosm,ipsl,historical
1990,1535506756917.6426,28435310313.289677,8388,apecosm,ipsl,historical
1991,1576451802068.9995,29193551890.16666,8388,apecosm,ipsl,historical
1992,1679938903042.9219,31109979685.980034,8388,apecosm,ipsl,historical
1993,1698547748118.1768,31454587928.114384,8388,apecosm,ipsl,historical
1994,1612049493439.9941,29852768397.036926,8388,apecosm,ipsl,historical
1995,1649050648850.6658,30537974978.716034,8388,apecosm,ipsl,historical
1996,1605889957701.605,29738702920.400093,8388,apecosm,ipsl,historical
1997,1572818401316.5015,29126266691.04632,8388,apecosm,ipsl,historical
1998,1527706685707.909,28290864550.14646,8388,apecosm,ipsl,historical
1999,1557690478480.8,28846119971.86667,8388,apecosm,ipsl,historical
2000,1597747748649.1255,29587921271.2801,8388,apecosm,ipsl,historical
2001,1580278313287.2783,29264413209.02367,8388,apecosm,ipsl,historical
2002,1630385557723.6982,30192325143.031452,8388,apecosm,ipsl,historical
2003,1661204676512.6409,30763049565.048904,8388,apecosm,ipsl,historical
2004,1653563460534.7017,30621545565.457436,8388,apecosm,ipsl,historical
2005,1617899968894.6182,29961110535.08552,8388,apecosm,ipsl,historical
2006,1553579420446.0083,28769989267.518673,8388,apecosm,ipsl,historical
2007,1573992643458.799,29148011915.903687,8388,apecosm,ipsl,historical
2008,1609916007992.2144,29813259407.263226,8388,apecosm,ipsl,historical
2009,1735081057085.1616,32131130686.762253,8388,apecosm,ipsl,historical
2010,1667534125604.8523,30880261585.27504,8388,apecosm,ipsl,historical
2011,1602747266214.4922,29680504929.898003,8388,apecosm,ipsl,historical
2012,1600451244562.9094,29637986010.424248,8388,apecosm,ipsl,historical
2013,1516118894324.9358,28076275820.832146,8388,apecosm,ipsl,historical
2014,1516708606998.3772,28087196425.895874,8388,apecosm,ipsl,historical
1950,1484518670346.5615,21831156916.8612,8389,apecosm,ipsl,historical
1951,1427654707077.7615,20994922162.908257,8389,apecosm,ipsl,historical
1952,1486542505180.3262,21860919193.828327,8389,apecosm,ipsl,historical
1953,1390745087951.5283,20452133646.346004,8389,apecosm,ipsl,historical
1954,1349166297598.8108,19840680847.041336,8389,apecosm,ipsl,historical
1955,1274202513079.0369,18738272251.162308,8389,apecosm,ipsl,historical
1956,1393801230468.6865,20497076918.657154,8389,apecosm,ipsl,historical
1957,1388621461513.0376,20420903845.779964,8389,apecosm,ipsl,historical
1958,1413628260924.9631,20788650895.95534,8389,apecosm,ipsl,historical
1959,1362862313464.3794,20042092845.0644,8389,apecosm,ipsl,historical
1960,1325663137872.4285,19495046145.182774,8389,apecosm,ipsl,historical
1961,1358879911608.879,19983528111.895275,8389,apecosm,ipsl,historical
1962,1435588008394.8904,21111588358.74839,8389,apecosm,ipsl,historical
1963,1395031033854.6577,20515162262.568497,8389,apecosm,ipsl,historical
1964,1275155436172.042,18752285826.05944,8389,apecosm,ipsl,historical
1965,1301942112475.9062,19146207536.410385,8389,apecosm,ipsl,historical
1966,1312680299514.0046,19304122051.676537,8389,apecosm,ipsl,historical
1967,1522202952172.8093,22385337531.95308,8389,apecosm,ipsl,historical
1968,1460556723084.9143,21478775339.484035,8389,apecosm,ipsl,historical
1969,1511590736731.471,22229275540.16869,8389,apecosm,ipsl,historical
1970,1378811927740.1147,20276645996.178158,8389,apecosm,ipsl,historical
1971,1437122613262.233,21134156077.38578,8389,apecosm,ipsl,historical
1972,1489841671436.0083,21909436344.647182,8389,apecosm,ipsl,historical
1973,1439143839382.9333,21163879990.925488,8389,apecosm,ipsl,historical
1974,1294138837914.0415,19031453498.735905,8389,apecosm,ipsl,historical
1975,1274974781914.3606,18749629145.79942,8389,apecosm,ipsl,historical
1976,1291970929096.6462,18999572486.715385,8389,apecosm,ipsl,historical
1977,1247458570305.2844,18344978975.077713,8389,apecosm,ipsl,historical
1978,1252223469998.1482,18415051029.384533,8389,apecosm,ipsl,historical
1979,1455866146391.6487,21409796270.465424,8389,apecosm,ipsl,historical
1980,1511131089706.5159,22222516025.09582,8389,apecosm,ipsl,historical
1981,1323890379277.3474,19468976165.84334,8389,apecosm,ipsl,historical
1982,1323114774461.794,19457570212.673443,8389,apecosm,ipsl,historical
1983,1364452997650.7358,20065485259.569645,8389,apecosm,ipsl,historical
1984,1426207648592.7212,20973641891.069427,8389,apecosm,ipsl,historical
1985,1382717552656.105,20334081656.707424,8389,apecosm,ipsl,historical
1986,1300964094368.1475,19131824917.17864,8389,apecosm,ipsl,historical
1987,1440387357020.906,21182167015.01332,8389,apecosm,ipsl,historical
1988,1365597586647.2454,20082317450.694786,8389,apecosm,ipsl,historical
1989,1403319218810.5542,20637047335.449326,8389,apecosm,ipsl,historical
1990,1286326920759.1528,18916572364.10519,8389,apecosm,ipsl,historical
1991,1178726790963.4414,17334217514.16826,8389,apecosm,ipsl,historical
1992,1355050476848.4014,19927212894.82943,8389,apecosm,ipsl,historical
1993,1328897283926.258,19542607116.56262,8389,apecosm,ipsl,historical
1994,1491522153139.2908,21934149310.87192,8389,apecosm,ipsl,historical
1995,1453415330004.3616,21373754853.005318,8389,apecosm,ipsl,historical
1996,1406826891019.8171,20688630750.291428,8389,apecosm,ipsl,historical
1997,1461717309775.8762,21495842790.82171,8389,apecosm,ipsl,historical
1998,1330683358667.2073,19568872921.57658,8389,apecosm,ipsl,historical
1999,1293100211850.4666,19016179586.036274,8389,apecosm,ipsl,historical
2000,1334497764362.8105,19624967122.98251,8389,apecosm,ipsl,historical
2001,1308465645549.3508,19242141846.31398,8389,apecosm,ipsl,historical
2002,1352799894658.056,19894116097.912586,8389,apecosm,ipsl,historical
2003,1498799869954.184,22041174558.14977,8389,apecosm,ipsl,historical
2004,1409364315403.7847,20725945814.76154,8389,apecosm,ipsl,historical
2005,1343549549273.8984,19758081606.969097,8389,apecosm,ipsl,historical
2006,1409411561075.2197,20726640604.047348,8389,apecosm,ipsl,historical
2007,1287958651726.4172,18940568407.74143,8389,apecosm,ipsl,historical
2008,1337833874737.1353,19674027569.663757,8389,apecosm,ipsl,historical
2009,1466025899234.391,21559204400.505753,8389,apecosm,ipsl,historical
2010,1436520193452.0857,21125296962.530674,8389,apecosm,ipsl,historical
2011,1330171125285.6934,19561340077.730785,8389,apecosm,ipsl,historical
2012,1256936650028.338,18484362500.416733,8389,apecosm,ipsl,historical
2013,1356301767012.278,19945614220.768795,8389,apecosm,ipsl,historical
2014,1332070746688.4634,19589275686.595047,8389,apecosm,ipsl,historical
1950,11346767991774.63,38333675647.88727,8455,apecosm,ipsl,historical
1951,11821816623670.299,39938569674.56182,8455,apecosm,ipsl,historical
1952,11662869067211.418,39401584686.52506,8455,apecosm,ipsl,historical
1953,11735955938092.13,39648499790.85179,8455,apecosm,ipsl,historical
1954,12515508912393.303,42282124704.03143,8455,apecosm,ipsl,historical
1955,12483415271578.482,42173700241.8192,8455,apecosm,ipsl,historical
1956,11954573737758.787,40387073438.37428,8455,apecosm,ipsl,historical
1957,11525595837911.477,38937823776.72796,8455,apecosm,ipsl,historical
1958,11559724158337.12,39053122156.54433,8455,apecosm,ipsl,historical
1959,10954894811281.744,37009779767.84373,8455,apecosm,ipsl,historical
1960,10356640487427.97,34988650295.36476,8455,apecosm,ipsl,historical
1961,10696518536100.553,36136886946.28565,8455,apecosm,ipsl,historical
1962,11430774942440.246,38617482913.64948,8455,apecosm,ipsl,historical
1963,12117990389751.031,40939156722.13187,8455,apecosm,ipsl,historical
1964,12284125674089.877,41500424574.62796,8455,apecosm,ipsl,historical
1965,12150086351905.916,41047589026.709175,8455,apecosm,ipsl,historical
1966,11790067737522.088,39831309924.06111,8455,apecosm,ipsl,historical
1967,11794760221827.64,39847162911.579865,8455,apecosm,ipsl,historical
1968,11744294686376.979,39676671237.76006,8455,apecosm,ipsl,historical
1969,11325748484238.666,38262663798.1036,8455,apecosm,ipsl,historical
1970,11521233517364.615,38923086207.31289,8455,apecosm,ipsl,historical
1971,11279880012199.723,38107702743.917984,8455,apecosm,ipsl,historical
1972,11496685638062.795,38840154182.64458,8455,apecosm,ipsl,historical
1973,11658819222729.318,39387902779.490944,8455,apecosm,ipsl,historical
1974,11318373867290.906,38237749551.65846,8455,apecosm,ipsl,historical
1975,11528686096592.648,38948263839.84003,8455,apecosm,ipsl,historical
1976,11504460382496.535,38866420211.13694,8455,apecosm,ipsl,historical
1977,11343769260887.223,38323544800.29467,8455,apecosm,ipsl,historical
1978,11417709146346.291,38573341710.629364,8455,apecosm,ipsl,historical
1979,11508408995561.822,38879760120.14129,8455,apecosm,ipsl,historical
1980,11308975151688.066,38205997134.08131,8455,apecosm,ipsl,historical
1981,11227268839546.953,37929962295.76673,8455,apecosm,ipsl,historical
1982,11552775124134.984,39029645689.64522,8455,apecosm,ipsl,historical
1983,11542362556068.453,38994468094.82586,8455,apecosm,ipsl,historical
1984,11506852127845.188,38874500431.90942,8455,apecosm,ipsl,historical
1985,11761662090530.107,39735344900.43955,8455,apecosm,ipsl,historical
1986,12331280938148.242,41659732899.14947,8455,apecosm,ipsl,historical
1987,12166682217491.576,41103656140.17424,8455,apecosm,ipsl,historical
1988,11097015571921.828,37489917472.70888,8455,apecosm,ipsl,historical
1989,10942723052839.53,36968658962.29571,8455,apecosm,ipsl,historical
1990,11419446937556.2,38579212626.87905,8455,apecosm,ipsl,historical
1991,11245444068266.367,37991365095.494484,8455,apecosm,ipsl,historical
1992,11669969346813.727,39425572117.61394,8455,apecosm,ipsl,historical
1993,11636954407019.51,39314035158.84969,8455,apecosm,ipsl,historical
1994,11876266402269.496,40122521629.28883,8455,apecosm,ipsl,historical
1995,12282359260908.867,41494456962.52995,8455,apecosm,ipsl,historical
1996,11750839334821.219,39698781536.55817,8455,apecosm,ipsl,historical
1997,12150484401174.787,41048933787.75266,8455,apecosm,ipsl,historical
1998,12484926773343.148,42178806666.69983,8455,apecosm,ipsl,historical
1999,12609093957746.21,42598290397.79125,8455,apecosm,ipsl,historical
2000,12427238528008.934,41983913945.97613,8455,apecosm,ipsl,historical
2001,12387334864337.586,41849104271.41077,8455,apecosm,ipsl,historical
2002,12627682488522.371,42661089488.25126,8455,apecosm,ipsl,historical
2003,12985715779593.828,43870661417.546715,8455,apecosm,ipsl,historical
2004,12868097560046.371,43473302567.72423,8455,apecosm,ipsl,historical
2005,11993633103744.186,40519030755.89252,8455,apecosm,ipsl,historical
2006,11752611592953.686,39704768895.1138,8455,apecosm,ipsl,historical
2007,12362208644544.525,41764218393.7315,8455,apecosm,ipsl,historical
2008,12586215454045.605,42520998155.55948,8455,apecosm,ipsl,historical
2009,12017849151966.668,40600841729.61712,8455,apecosm,ipsl,historical
2010,12371102831997.16,41794266324.31473,8455,apecosm,ipsl,historical
2011,12272143359452.414,41459943781.93383,8455,apecosm,ipsl,historical
2012,12266555927890.73,41441067323.95517,8455,apecosm,ipsl,historical
2013,12460878254024.322,42097561669.00109,8455,apecosm,ipsl,historical
2014,12723399410445.742,42984457467.7221,8455,apecosm,ipsl,historical
1950,3580768236910.1943,27974751850.860893,8465,apecosm,ipsl,historical
1951,3544612184805.2114,27692282693.790714,8465,apecosm,ipsl,historical
1952,3527086960864.5063,27555366881.753956,8465,apecosm,ipsl,historical
1953,3427794122207.317,26779641579.744663,8465,apecosm,ipsl,historical
1954,3345287195694.168,26135056216.360687,8465,apecosm,ipsl,historical
1955,3448291518164.266,26939777485.65833,8465,apecosm,ipsl,historical
1956,3433546796093.5825,26824584344.481113,8465,apecosm,ipsl,historical
1957,3427473989603.6924,26777140543.778847,8465,apecosm,ipsl,historical
1958,3440212602531.03,26876660957.27367,8465,apecosm,ipsl,historical
1959,3539211016824.8154,27650086068.94387,8465,apecosm,ipsl,historical
1960,3445710275408.8164,26919611526.63138,8465,apecosm,ipsl,historical
1961,3561463489953.309,27823933515.260227,8465,apecosm,ipsl,historical
1962,3684838858522.6655,28787803582.208324,8465,apecosm,ipsl,historical
1963,3498628981771.8545,27333038920.092613,8465,apecosm,ipsl,historical
1964,3354945354355.391,26210510580.901493,8465,apecosm,ipsl,historical
1965,3225902912876.012,25202366506.843845,8465,apecosm,ipsl,historical
1966,3418252696507.1475,26705099191.46209,8465,apecosm,ipsl,historical
1967,3673628588290.041,28700223346.015945,8465,apecosm,ipsl,historical
1968,3721558599908.8813,29074676561.788136,8465,apecosm,ipsl,historical
1969,3599403994855.2476,28120343709.80662,8465,apecosm,ipsl,historical
1970,3521646416894.828,27512862631.990845,8465,apecosm,ipsl,historical
1971,3714343313576.074,29018307137.31308,8465,apecosm,ipsl,historical
1972,3658123518179.621,28579089985.77829,8465,apecosm,ipsl,historical
1973,3557445380458.2505,27792542034.830082,8465,apecosm,ipsl,historical
1974,3405957841002.054,26609045632.82855,8465,apecosm,ipsl,historical
1975,3565870290477.767,27858361644.357555,8465,apecosm,ipsl,historical
1976,3585509123955.8403,28011790030.905003,8465,apecosm,ipsl,historical
1977,3403797836221.6226,26592170595.481426,8465,apecosm,ipsl,historical
1978,3415746039718.02,26685515935.29703,8465,apecosm,ipsl,historical
1979,3570959718655.1504,27898122801.993362,8465,apecosm,ipsl,historical
1980,3582920140032.207,27991563594.001617,8465,apecosm,ipsl,historical
1981,3403009628393.6035,26586012721.825027,8465,apecosm,ipsl,historical
1982,3467791481967.031,27092120952.867428,8465,apecosm,ipsl,historical
1983,3472866360590.0645,27131768442.10988,8465,apecosm,ipsl,historical
1984,3488714150579.7065,27255579301.403957,8465,apecosm,ipsl,historical
1985,3344961420985.744,26132511101.451126,8465,apecosm,ipsl,historical
1986,3511426304294.0747,27433018002.29746,8465,apecosm,ipsl,historical
1987,3900391754425.8413,30471810581.451885,8465,apecosm,ipsl,historical
1988,3849370885594.7515,30073210043.708996,8465,apecosm,ipsl,historical
1989,3546270443466.1123,27705237839.579002,8465,apecosm,ipsl,historical
1990,3193141671823.668,24946419311.122406,8465,apecosm,ipsl,historical
1991,3318045805126.419,25922232852.550148,8465,apecosm,ipsl,historical
1992,3499271534312.7964,27338058861.81872,8465,apecosm,ipsl,historical
1993,3473618332138.4463,27137643219.83161,8465,apecosm,ipsl,historical
1994,3775756437435.8667,29498097167.46771,8465,apecosm,ipsl,historical
1995,3675273313908.393,28713072764.90932,8465,apecosm,ipsl,historical
1996,3644331157629.0645,28471337168.977066,8465,apecosm,ipsl,historical
1997,3706230003030.7104,28954921898.677425,8465,apecosm,ipsl,historical
1998,3465429196624.797,27073665598.631226,8465,apecosm,ipsl,historical
1999,3534319377685.5063,27611870138.16802,8465,apecosm,ipsl,historical
2000,3555816513105.2275,27779816508.63459,8465,apecosm,ipsl,historical
2001,3428596271574.3945,26785908371.674957,8465,apecosm,ipsl,historical
2002,3523238959547.445,27525304371.464413,8465,apecosm,ipsl,historical
2003,3716201041190.6353,29032820634.301838,8465,apecosm,ipsl,historical
2004,3624355959309.9414,28315280932.108917,8465,apecosm,ipsl,historical
2005,3602232034025.0645,28142437765.820816,8465,apecosm,ipsl,historical
2006,3618235529433.331,28267465073.6979,8465,apecosm,ipsl,historical
2007,3316374681107.8306,25909177196.154926,8465,apecosm,ipsl,historical
2008,3557336125358.694,27791688479.364796,8465,apecosm,ipsl,historical
2009,3920375653441.611,30627934792.512585,8465,apecosm,ipsl,historical
2010,3751427453641.714,29308026981.57589,8465,apecosm,ipsl,historical
2011,3651124609431.746,28524411011.185516,8465,apecosm,ipsl,historical
2012,3665064224795.7725,28633314256.216972,8465,apecosm,ipsl,historical
2013,3440272403450.289,26877128151.955383,8465,apecosm,ipsl,historical
2014,3317208949823.178,25915694920.49358,8465,apecosm,ipsl,historical
1950,1661042615334.3955,18663400172.296577,8466,apecosm,ipsl,historical
1951,1644534529516.1592,18477916061.979317,8466,apecosm,ipsl,historical
1952,1730296822114.0159,19441537327.123775,8466,apecosm,ipsl,historical
1953,1726099567939.5898,19394377167.860558,8466,apecosm,ipsl,historical
1954,1649739422725.1377,18536398008.147614,8466,apecosm,ipsl,historical
1955,1660005522719.0269,18651747446.2812,8466,apecosm,ipsl,historical
1956,1692129007303.4944,19012685475.32016,8466,apecosm,ipsl,historical
1957,1759554616763.047,19770276592.843224,8466,apecosm,ipsl,historical
1958,1721766061045.2854,19345686079.16051,8466,apecosm,ipsl,historical
1959,1695660127375.4224,19052360981.74632,8466,apecosm,ipsl,historical
1960,1715888146130.6028,19279642091.355087,8466,apecosm,ipsl,historical
1961,1714122755515.8877,19259806241.751545,8466,apecosm,ipsl,historical
1962,1673261554889.5103,18800691627.972027,8466,apecosm,ipsl,historical
1963,1601807844957.2722,17997840954.57609,8466,apecosm,ipsl,historical
1964,1520071462508.3928,17079454634.925762,8466,apecosm,ipsl,historical
1965,1574871671883.7026,17695187324.535984,8466,apecosm,ipsl,historical
1966,1625834397036.2573,18267802213.890533,8466,apecosm,ipsl,historical
1967,1775051728992.372,19944401449.352497,8466,apecosm,ipsl,historical
1968,1726628352701.1577,19400318569.67593,8466,apecosm,ipsl,historical
1969,1825681482227.9832,20513275081.21329,8466,apecosm,ipsl,historical
1970,1780698480472.0806,20007848095.191917,8466,apecosm,ipsl,historical
1971,1855185111385.2292,20844776532.418304,8466,apecosm,ipsl,historical
1972,1794163910547.129,20159145062.327293,8466,apecosm,ipsl,historical
1973,1730331310172.9204,19441924833.4036,8466,apecosm,ipsl,historical
1974,1577089263999.5874,17720104089.883003,8466,apecosm,ipsl,historical
1975,1565743309364.0725,17592621453.528904,8466,apecosm,ipsl,historical
1976,1577219842574.0337,17721571264.876785,8466,apecosm,ipsl,historical
1977,1608109246658.8914,18068643220.88642,8466,apecosm,ipsl,historical
1978,1620795572352.4414,18211186206.207207,8466,apecosm,ipsl,historical
1979,1654132235637.1191,18585755456.596844,8466,apecosm,ipsl,historical
1980,1724647524073.7002,19378062068.243824,8466,apecosm,ipsl,historical
1981,1645498886647.2961,18488751535.362877,8466,apecosm,ipsl,historical
1982,1566098446415.8591,17596611757.481564,8466,apecosm,ipsl,historical
1983,1699022915866.3564,19090145122.09389,8466,apecosm,ipsl,historical
1984,1827209075854.6858,20530439054.54703,8466,apecosm,ipsl,historical
1985,1798133120568.1477,20203742927.731995,8466,apecosm,ipsl,historical
1986,1674714418891.0376,18817015942.59593,8466,apecosm,ipsl,historical
1987,1734797889222.7705,19492111114.86259,8466,apecosm,ipsl,historical
1988,1737147245525.7888,19518508376.694256,8466,apecosm,ipsl,historical
1989,1765802892904.1733,19840481942.74352,8466,apecosm,ipsl,historical
1990,1778356137003.938,19981529629.257732,8466,apecosm,ipsl,historical
1991,1622278775015.3003,18227851404.666294,8466,apecosm,ipsl,historical
1992,1653862061800.6816,18582719795.513275,8466,apecosm,ipsl,historical
1993,1586947819451.7534,17830874375.8624,8466,apecosm,ipsl,historical
1994,1685366775675.1147,18936705344.66421,8466,apecosm,ipsl,historical
1995,1743154667433.0022,19586007499.247215,8466,apecosm,ipsl,historical
1996,1732190600271.925,19462815733.392414,8466,apecosm,ipsl,historical
1997,1725989803776.435,19393143862.656574,8466,apecosm,ipsl,historical
1998,1608750988164.71,18075853799.60348,8466,apecosm,ipsl,historical
1999,1674534087737.5396,18814989749.859993,8466,apecosm,ipsl,historical
2000,1744898031317.437,19605595857.49929,8466,apecosm,ipsl,historical
2001,1678699150548.2766,18861788208.4076,8466,apecosm,ipsl,historical
2002,1738015128315.5818,19528259868.7144,8466,apecosm,ipsl,historical
2003,1860084067781.8118,20899820986.312492,8466,apecosm,ipsl,historical
2004,1799552430963.6804,20219690235.54697,8466,apecosm,ipsl,historical
2005,1763215519221.6873,19811410328.333565,8466,apecosm,ipsl,historical
2006,1939325566958.5005,21790174909.646072,8466,apecosm,ipsl,historical
2007,1746674997175.418,19625561766.01593,8466,apecosm,ipsl,historical
2008,1680884564915.471,18886343426.01653,8466,apecosm,ipsl,historical
2009,1824162786539.811,20496211084.71698,8466,apecosm,ipsl,historical
2010,1782560804348.8938,20028773082.57184,8466,apecosm,ipsl,historical
2011,1654656732273.9106,18591648677.23495,8466,apecosm,ipsl,historical
2012,1675065128305.8364,18820956497.818386,8466,apecosm,ipsl,historical
2013,1782485783665.3696,20027930153.54348,8466,apecosm,ipsl,historical
2014,1771853571299.4946,19908467093.252747,8466,apecosm,ipsl,historical
1950,13115707849914.48,7625411540.647954,8489,apecosm,ipsl,historical
1951,12460296002691.004,7244358141.099421,8489,apecosm,ipsl,historical
1952,12087754493406.764,7027764240.35277,8489,apecosm,ipsl,historical
1953,12103641957593.965,7037001138.136026,8489,apecosm,ipsl,historical
1954,11907061451611.004,6922710146.285468,8489,apecosm,ipsl,historical
1955,11626073038363.887,6759344789.746447,8489,apecosm,ipsl,historical
1956,12215904795922.674,7102270230.187601,8489,apecosm,ipsl,historical
1957,12972123968861.822,7541932540.035943,8489,apecosm,ipsl,historical
1958,13443830861204.393,7816180733.258368,8489,apecosm,ipsl,historical
1959,13372600994845.254,7774768020.258868,8489,apecosm,ipsl,historical
1960,13089384033751.21,7610106996.366983,8489,apecosm,ipsl,historical
1961,12720099423083.004,7395406641.327328,8489,apecosm,ipsl,historical
1962,12837828734675.18,7463853915.508825,8489,apecosm,ipsl,historical
1963,13116024512988.006,7625595647.08605,8489,apecosm,ipsl,historical
1964,13249079910486.816,7702953436.329544,8489,apecosm,ipsl,historical
1965,12801830511557.062,7442924716.021547,8489,apecosm,ipsl,historical
1966,12484737127462.357,7258568097.361836,8489,apecosm,ipsl,historical
1967,12470767615873.592,7250446288.298599,8489,apecosm,ipsl,historical
1968,12603626393848.896,7327689763.865638,8489,apecosm,ipsl,historical
1969,12650672960677.648,7355042418.998632,8489,apecosm,ipsl,historical
1970,12142937536632.064,7059847405.018642,8489,apecosm,ipsl,historical
1971,12032776806799.986,6995800469.06976,8489,apecosm,ipsl,historical
1972,12375161128050.498,7194861120.959592,8489,apecosm,ipsl,historical
1973,12378003476068.393,7196513648.876972,8489,apecosm,ipsl,historical
1974,12391641537014.062,7204442754.077944,8489,apecosm,ipsl,historical
1975,12468235869459.979,7248974342.70929,8489,apecosm,ipsl,historical
1976,12587088359587.674,7318074627.667252,8489,apecosm,ipsl,historical
1977,12848211643793.043,7469890490.577351,8489,apecosm,ipsl,historical
1978,12961553994789.05,7535787206.272704,8489,apecosm,ipsl,historical
1979,13196531921663.732,7672402280.037054,8489,apecosm,ipsl,historical
1980,13617296907883.67,7917033085.978878,8489,apecosm,ipsl,historical
1981,13518587561548.65,7859643931.1329365,8489,apecosm,ipsl,historical
1982,13372329097207.332,7774609940.236821,8489,apecosm,ipsl,historical
1983,12863164391742.268,7478583948.687365,8489,apecosm,ipsl,historical
1984,12454489668804.324,7240982365.58391,8489,apecosm,ipsl,historical
1985,12459576188115.77,7243939644.253355,8489,apecosm,ipsl,historical
1986,12141583506075.51,7059060177.950878,8489,apecosm,ipsl,historical
1987,12117132062817.21,7044844222.568146,8489,apecosm,ipsl,historical
1988,12073209171037.016,7019307657.57966,8489,apecosm,ipsl,historical
1989,12598694640130.922,7324822465.192396,8489,apecosm,ipsl,historical
1990,13514098586439.293,7857034061.883309,8489,apecosm,ipsl,historical
1991,13521952330562.611,7861600192.187565,8489,apecosm,ipsl,historical
1992,13133727216026.537,7635887916.294498,8489,apecosm,ipsl,historical
1993,12290057911435.861,7145382506.648756,8489,apecosm,ipsl,historical
1994,11613124140832.535,6751816360.949148,8489,apecosm,ipsl,historical
1995,11869851065957.31,6901076201.137971,8489,apecosm,ipsl,historical
1996,12085835388767.205,7026648481.841398,8489,apecosm,ipsl,historical
1997,12001711286719.877,6977739120.185975,8489,apecosm,ipsl,historical
1998,12067881375167.51,7016210101.841575,8489,apecosm,ipsl,historical
1999,11997462660967.223,6975268988.934431,8489,apecosm,ipsl,historical
2000,12219665768102.883,7104456841.92028,8489,apecosm,ipsl,historical
2001,11940526261730.176,6942166431.238474,8489,apecosm,ipsl,historical
2002,11505826898956.855,6689434243.579567,8489,apecosm,ipsl,historical
2003,11519004131142.447,6697095425.082818,8489,apecosm,ipsl,historical
2004,11476091430919.586,6672146180.767201,8489,apecosm,ipsl,historical
2005,11370509619039.521,6610761406.418326,8489,apecosm,ipsl,historical
2006,11298171370983.293,6568704285.455403,8489,apecosm,ipsl,historical
2007,11246541849291.09,6538687121.680866,8489,apecosm,ipsl,historical
2008,11406384605164.467,6631618956.49097,8489,apecosm,ipsl,historical
2009,11801336404397.898,6861242095.5801735,8489,apecosm,ipsl,historical
2010,12655528469780.48,7357865389.407256,8489,apecosm,ipsl,historical
2011,12941154191980.771,7523926855.8027735,8489,apecosm,ipsl,historical
2012,12836672622498.209,7463181757.266401,8489,apecosm,ipsl,historical
2013,13078195830812.918,7603602227.216813,8489,apecosm,ipsl,historical
2014,12905745133061.604,7503340193.640468,8489,apecosm,ipsl,historical
